{
    "TP": 437,
    "FP": 1704,
    "TN": 4480,
    "FN": 36,
    "Accuracy": 0.7386210004506535,
    "F1 Score": 0.334353481254782,
    "Recall": 0.9238900634249472,
    "AUC-ROC": 0.9168778324476449
}