{
    "TP": 426,
    "FP": 1267,
    "TN": 4917,
    "FN": 47,
    "Accuracy": 0.8026137899954935,
    "F1 Score": 0.3933518005540167,
    "Recall": 0.9006342494714588,
    "AUC-ROC": 0.9163239923529042
}