{
    "TP": 438,
    "FP": 1711,
    "TN": 4473,
    "FN": 35,
    "Accuracy": 0.7377196935556557,
    "F1 Score": 0.3340961098398169,
    "Recall": 0.9260042283298098,
    "AUC-ROC": 0.9153756266598108
}