{
    "TP": 457,
    "FP": 2890,
    "TN": 3294,
    "FN": 16,
    "Accuracy": 0.5634670271894247,
    "F1 Score": 0.2392670157068063,
    "Recall": 0.9661733615221987,
    "AUC-ROC": 0.9165448446375971
}