{
    "TP": 427,
    "FP": 1360,
    "TN": 4824,
    "FN": 46,
    "Accuracy": 0.7887937509388614,
    "F1 Score": 0.3778761061946902,
    "Recall": 0.9027484143763214,
    "AUC-ROC": 0.9166932190827314
}