{
    "TP": 473,
    "FP": 6184,
    "TN": 0,
    "FN": 0,
    "Accuracy": 0.07105302688898904,
    "F1 Score": 0.1326788218793829,
    "Recall": 1.0,
    "AUC-ROC": 0.9156569911030034
}