Metric,Value
TP,426.0
TN,4917.0
FP,1267.0
FN,47.0
Accuracy,0.8026137899954935
Recall,0.9006342494714588
NPV,0.9905318291700241
AUC-ROC,0.8478753394834655
Operational Efficiency Index,3.5078296339864137
