Metric,Value
TP,614
TN,1821
FP,983
FN,121
Accuracy,0.6880474710370161
Recall (TPR),0.8353741496598639
NPV,0.9376930998970134
FPR,0.35057061340941514
AUC-ROC,0.7424017681252244
Operational Efficiency Index,1.7358708042280089
FNR,0.16462585034013605
