Metric,Value
TP,608
TN,1797
FP,988
FN,146
Accuracy,0.6795705001412828
Recall (TPR),0.8063660477453581
NPV,0.9248584662892434
FPR,0.3547576301615799
AUC-ROC,0.725804208791889
Operational Efficiency Index,1.6536941327258468
FNR,0.19363395225464192
