{
    "TP": 595,
    "FP": 435,
    "TN": 2350,
    "FN": 159,
    "Accuracy": 0.8321559762644815,
    "F1 Score": 0.6670403587443946,
    "Recall": 0.7891246684350133,
    "AUC-ROC": 0.8697684164408612
}