{
    "TP": 660,
    "FP": 872,
    "TN": 1913,
    "FN": 94,
    "Accuracy": 0.7270415371573891,
    "F1 Score": 0.5774278215223098,
    "Recall": 0.8753315649867374,
    "AUC-ROC": 0.8667077799313297
}