{
    "TP": 711,
    "FP": 1652,
    "TN": 1133,
    "FN": 43,
    "Accuracy": 0.5210511443910709,
    "F1 Score": 0.45620789220404234,
    "Recall": 0.9429708222811671,
    "AUC-ROC": 0.8700517646162418
}