{
    "TP": 657,
    "FP": 883,
    "TN": 1902,
    "FN": 97,
    "Accuracy": 0.7230856174060469,
    "F1 Score": 0.5727986050566696,
    "Recall": 0.8713527851458885,
    "AUC-ROC": 0.8653143736100463
}