{
    "TP": 638,
    "FP": 628,
    "TN": 2157,
    "FN": 116,
    "Accuracy": 0.7897711217858152,
    "F1 Score": 0.6316831683168317,
    "Recall": 0.8461538461538461,
    "AUC-ROC": 0.8701617703784483
}