{
    "TP": 602,
    "FP": 502,
    "TN": 2283,
    "FN": 152,
    "Accuracy": 0.815202034473015,
    "F1 Score": 0.6480086114101185,
    "Recall": 0.7984084880636605,
    "AUC-ROC": 0.8710513407845172
}