{
    "TP": 754,
    "FP": 2785,
    "TN": 0,
    "FN": 0,
    "Accuracy": 0.2130545351794292,
    "F1 Score": 0.3512695085022129,
    "Recall": 1.0,
    "AUC-ROC": 0.8668096900313825
}