Metric,Value
TP,602.0
TN,2283.0
FP,502.0
FN,152.0
Accuracy,0.815202034473015
Recall,0.7984084880636605
NPV,0.9375770020533881
AUC-ROC,0.809078570782279
Operational Efficiency Index,2.399626119849568
