Metric,Value
TP,362
TN,5217
FP,974
FN,104
Accuracy,0.8380651945320715
Recall (TPR),0.776824034334764
NPV,0.9804548017289983
FPR,0.1573251494104345
AUC-ROC,0.8097494424621647
Operational Efficiency Index,3.795092192230023
FNR,0.22317596566523606
