Metric,Value
TP,362
TN,5276
FP,908
FN,111
Accuracy,0.846928045666216
Recall (TPR),0.7653276955602537
NPV,0.9793948394282532
FPR,0.14683053040103494
AUC-ROC,0.8092485825796094
Operational Efficiency Index,3.9289823433582685
FNR,0.2346723044397463
